{
  "best_val_acc": 0.8466314809065507,
  "final_test_auc": 0.8907366889128668,
  "test_acc": 0.8466314809065507,
  "metrics": {
    "train_loss": [
      0.8118443486252473,
      0.5770192009955009,
      0.499797434991148,
      0.45819163763596205,
      0.44023184356950024,
      0.42440208649492817,
      0.4162903973347077,
      0.41064530536549754,
      0.40847938441114284,
      0.40507251449200543,
      0.4041235264433214,
      0.40223460940528916,
      0.40144841986339874,
      0.3999865211324922,
      0.39880078176224,
      0.39827031260792223,
      0.3968366251144129,
      0.3952987131972144,
      0.39532452426618886,
      0.393765441922402,
      0.3926158098805111,
      0.391875893166742,
      0.3914789259318081,
      0.39013955253145666,
      0.38890715221121364,
      0.3861725931719835,
      0.3844107956857792,
      0.3834733755994933,
      0.38260862977989785,
      0.3792547188652401,
      0.37807369001078456,
      0.37662942975535113,
      0.375633471953446,
      0.37305543444999245,
      0.36991162546430695,
      0.3710244343345195,
      0.36792713867288324,
      0.3669837531970912,
      0.36384464238340103,
      0.36295649346834863,
      0.35884540518285285,
      0.3578274743238943,
      0.3577235394000526,
      0.3570092465579024,
      0.355099160236055,
      0.3561762209140504,
      0.35513524841024185,
      0.35504060042142255,
      0.3535926318808038,
      0.35217873706198033
    ],
    "val_loss": [
      0.640648807105497,
      0.5202994892794092,
      0.47488265389501955,
      0.44174143496191826,
      0.42794652093052676,
      0.42438061899444546,
      0.4167306358882338,
      0.4117445723494548,
      0.41423405940508257,
      0.4105470834941236,
      0.40842138785488374,
      0.40661757448858743,
      0.40643384401304533,
      0.40821372132166617,
      0.406224965512549,
      0.40621027075626287,
      0.4065807018913641,
      0.40852176573142546,
      0.4082020568444247,
      0.40965872238748974,
      0.41267088055610657,
      0.41115422467754625,
      0.4230209468629411,
      0.40845582986499757,
      0.4125266188662528,
      0.41254498720058036,
      0.4164111209337625,
      0.4177236296826362,
      0.4166290516884421,
      0.42083914383195714,
      0.4215607499898646,
      0.42299190779829277,
      0.42899869878778396,
      0.42418308019897133,
      0.42625837548480056,
      0.43031772574220745,
      0.4296335100350414,
      0.4311810150275279,
      0.43052260339426646,
      0.4349456460199827,
      0.43908985666479616,
      0.43929328109047794,
      0.4406010060253368,
      0.44342329514319023,
      0.4414732203336282,
      0.4402555137160253,
      0.4421419531467797,
      0.44417681926453717,
      0.4471345491492204,
      0.4423055908984185
    ],
    "train_acc": [
      0.650818908639292,
      0.8350151362260343,
      0.8409143832958161,
      0.841651789179539,
      0.8421951408833346,
      0.8431654117829698,
      0.8437475743227509,
      0.8442521151905612,
      0.844329736862532,
      0.8447178452223861,
      0.8451059535822402,
      0.8453000077621672,
      0.8455328727780796,
      0.8460374136458899,
      0.8458045486299774,
      0.8456493052860359,
      0.8458045486299774,
      0.8461538461538461,
      0.8456881161220212,
      0.8460762244818754,
      0.8464643328417294,
      0.8467360086936273,
      0.8461926569898316,
      0.8466195761856711,
      0.8470853062174959,
      0.8472793603974229,
      0.8478227121012186,
      0.8477450904292478,
      0.8480943879531165,
      0.8491034696887371,
      0.8487541721648685,
      0.8498796864084452,
      0.850151362260343,
      0.8506947139641388,
      0.8526740665993946,
      0.8518202282077156,
      0.8528681207793216,
      0.8533726616471319,
      0.8542265000388108,
      0.8546146083986649,
      0.855196770938446,
      0.8566715827058915,
      0.8570208802297602,
      0.8570208802297602,
      0.8574477994255997,
      0.8565939610339207,
      0.8572149344096872,
      0.857486610261585,
      0.8571373127377163,
      0.858340448653264
    ],
    "val_acc": [
      0.831729276622167,
      0.8394908413536168,
      0.8399565352375039,
      0.8419745420676809,
      0.8425954672461968,
      0.8436820863085999,
      0.8447687053710028,
      0.8450791679602608,
      0.8446134740763738,
      0.8457000931387768,
      0.8460105557280347,
      0.8461657870226638,
      0.8460105557280347,
      0.8463210183172928,
      0.8464762496119218,
      0.8463210183172928,
      0.8463210183172928,
      0.8463210183172928,
      0.8463210183172928,
      0.8466314809065507,
      0.8463210183172928,
      0.8464762496119218,
      0.8429059298354549,
      0.8466314809065507,
      0.8463210183172928,
      0.8463210183172928,
      0.8457000931387768,
      0.8458553244334057,
      0.8457000931387768,
      0.8453896305495188,
      0.8458553244334057,
      0.8458553244334057,
      0.8447687053710028,
      0.8447687053710028,
      0.8458553244334057,
      0.8450791679602608,
      0.8457000931387768,
      0.8457000931387768,
      0.8461657870226638,
      0.8446134740763738,
      0.8449239366656318,
      0.8444582427817448,
      0.8447687053710028,
      0.8444582427817448,
      0.8443030114871158,
      0.8452343992548897,
      0.8441477801924868,
      0.8443030114871158,
      0.8435268550139708,
      0.8446134740763738
    ],
    "val_auc": [
      0.8813575954566243,
      0.8896386435590368,
      0.8910049976244078,
      0.8918400071933821,
      0.8907834236946452,
      0.889192609465958,
      0.8912399481366033,
      0.8905252168005434,
      0.8897802355166581,
      0.8897351658696222,
      0.8908243860093159,
      0.8938624798518696,
      0.890411377088634,
      0.8899718370210516,
      0.8908835537971733,
      0.8925025643075037,
      0.8919146607343468,
      0.8887382496991657,
      0.8917634664997092,
      0.8907365779038839,
      0.8900342795739032,
      0.8903439946360459,
      0.8879690684570194,
      0.8915197462778689,
      0.8900311158178918,
      0.8903250676044705,
      0.8891545333848415,
      0.8895441194101427,
      0.8907940250525073,
      0.8912562109525902,
      0.8904954108886493,
      0.8897726314013331,
      0.8897265071689601,
      0.8903448272034173,
      0.8898302450634306,
      0.8902708952208414,
      0.8896582366445093,
      0.8900323924211947,
      0.8906025345570965,
      0.8898490055815316,
      0.8896572930681552,
      0.8893897059150028,
      0.8895653221258665,
      0.8893293725328253,
      0.8893501312126177,
      0.8896536852762125,
      0.8891885576380841,
      0.8895330740163494,
      0.889143599000031,
      0.8894383278494895
    ]
  }
}