{
  "final_test_auc": 0.8885278321721793,
  "final_pr_auc": 0.6876490602473145
}