{
  "best_val_acc": 0.8464762496119218,
  "test_acc": 0.8464761972427368,
  "metrics": {
    "train_loss": [
      0.5313107658319015,
      0.4338546886046573,
      0.4201261571158184,
      0.4107889834212228,
      0.41068113239749954,
      0.4057997440959618,
      0.40465488329415256,
      0.4035003399993288,
      0.40224589402933053,
      0.4020023575889891,
      0.4003458550458812,
      0.39895651820819494,
      0.39897349251035596,
      0.3983280119629072,
      0.39809161297636336,
      0.39679429227221524,
      0.39473915100097656,
      0.3938714551192804,
      0.39408518226955613,
      0.3937324369063818,
      0.39253455169830304,
      0.3896390389213556,
      0.390075545147007,
      0.3896870016797233,
      0.39003591162766266,
      0.38829031941739517,
      0.38660321416649807,
      0.3868176360488595,
      0.3859728994085803,
      0.3870025963912069
    ],
    "val_loss": [
      0.4416748829525992,
      0.42072144118350174,
      0.41740184087851,
      0.4086039857218925,
      0.4080832370391213,
      0.40914367308197686,
      0.40745820437703434,
      0.4058200710773172,
      0.4062055802075103,
      0.4057296217043035,
      0.4044914536966888,
      0.4059752379282407,
      0.4045518968128262,
      0.40566421263856717,
      0.40671938832632987,
      0.40640487217710686,
      0.4064362490169752,
      0.40661815863631223,
      0.4075865060858977,
      0.4079086917115087,
      0.40740770046032204,
      0.4080985158228497,
      0.40881212887946067,
      0.4083107034451693,
      0.408634252242515,
      0.40968298174623596,
      0.4097879952579061,
      0.4096897516292062,
      0.4104778947426051,
      0.4108912105406341
    ],
    "train_acc": [
      0.8141737173018707,
      0.8423115733912908,
      0.8431654117829698,
      0.8445626018784445,
      0.8438640068307072,
      0.8449118994023131,
      0.8449118994023131,
      0.8450671427462547,
      0.8449118994023131,
      0.8452611969261817,
      0.845377629434138,
      0.8457269269580067,
      0.8455716836140651,
      0.8459986028099046,
      0.8455716836140651,
      0.8455328727780796,
      0.8459597919739191,
      0.8463867111697586,
      0.8462314678258169,
      0.8461538461538461,
      0.8466195761856711,
      0.8466583870216564,
      0.8469688737095397,
      0.8465419545137002,
      0.8464643328417294,
      0.8470464953815106,
      0.8476286579212916,
      0.8472405495614376,
      0.8479003337731895,
      0.84747341457735
    ],
    "val_acc": [
      0.8399565352375039,
      0.8433716237193418,
      0.8439925488978578,
      0.8458553244334057,
      0.8458553244334057,
      0.8455448618441478,
      0.8463210183172928,
      0.8461657870226638,
      0.8460105557280347,
      0.8463210183172928,
      0.8464762496119218,
      0.8461657870226638,
      0.8464762496119218,
      0.8464762496119218,
      0.8461657870226638,
      0.8464762496119218,
      0.8463210183172928,
      0.8458553244334057,
      0.8461657870226638,
      0.8461657870226638,
      0.8463210183172928,
      0.8460105557280347,
      0.8463210183172928,
      0.8464762496119218,
      0.8461657870226638,
      0.8460105557280347,
      0.8458553244334057,
      0.8461657870226638,
      0.8460105557280347,
      0.8460105557280347
    ]
  },
  "pos_weight": 2.218738317489624
}