{
  "best_val_auc": 0.8885280541901451,
  "final_test_auc": 0.8885278321721793,
  "final_pr_auc": 0.6876490602473145,
  "test_acc": 0.8444582427817448,
  "metrics": {
    "train_loss": [
      0.10702057367217177,
      0.08258756526698795,
      0.08037482482888429,
      0.07901193888478145,
      0.07825315035697439,
      0.07758359473624012,
      0.07680005378177389,
      0.07648389911342554,
      0.07594376423120092,
      0.07553831515942895,
      0.07537119994597119,
      0.0749273945820412,
      0.07468856009826391,
      0.07476510503034751,
      0.0744358699496679,
      0.07410742664368619,
      0.0742284183263279,
      0.07400842955439929,
      0.07384172429926396,
      0.07381009715196833
    ],
    "val_loss": [
      0.08356557888010946,
      0.08126369202888296,
      0.08021513536776012,
      0.07957463167799773,
      0.08010659346027946,
      0.0779922597852785,
      0.077454857241382,
      0.07692182398071869,
      0.07726262099474196,
      0.07641340030813505,
      0.07633144239374881,
      0.07618149826103618,
      0.07590270690210522,
      0.07578915765393932,
      0.07594982446054241,
      0.0757794787390785,
      0.07581750179060644,
      0.07565820659286707,
      0.0758291693026699,
      0.0757697985612506
    ],
    "train_acc": [
      0.7710548785220833,
      0.8316774043312893,
      0.83555848792983,
      0.8388962198245751,
      0.8397500582162539,
      0.84079795078786,
      0.8414965458355973,
      0.8420010867034076,
      0.842699681751145,
      0.8436311418147947,
      0.8434370876348677,
      0.8446014127144299,
      0.8449895210742839,
      0.8446014127144299,
      0.8451447644182256,
      0.8455328727780796,
      0.8458821703019483,
      0.8461150353178607,
      0.8460374136458899,
      0.8463090894977878
    ],
    "val_acc": [
      0.8385594535858429,
      0.8394908413536168,
      0.8393356100589879,
      0.8393356100589879,
      0.8393356100589879,
      0.8405774604160199,
      0.8415088481837939,
      0.8433716237193418,
      0.8429059298354549,
      0.8432163924247128,
      0.8433716237193418,
      0.8436820863085999,
      0.8449239366656318,
      0.8458553244334057,
      0.8444582427817448,
      0.8461657870226638,
      0.8449239366656318,
      0.8453896305495188,
      0.8447687053710028,
      0.8444582427817448
    ]
  }
}