{
  "best_val_acc": 0.8463210183172928,
  "test_acc": 0.8463209867477417,
  "metrics": {
    "train_loss": [
      0.6395982943234084,
      0.4699129865405112,
      0.4514209116077993,
      0.44658996478598706,
      0.4394448556663512,
      0.43572136501824366,
      0.43000189550432055,
      0.4246129003762366,
      0.42162130797935515,
      0.4168484814486444,
      0.4145535200031557,
      0.41048983656674415,
      0.4098187033308225,
      0.40746104951592543,
      0.40557609135890094,
      0.4032154133473828,
      0.4030434641882119,
      0.40149145645032264,
      0.39997813708199426,
      0.39889068260406063
    ],
    "val_loss": [
      0.4637665638676418,
      0.45466569734078616,
      0.44950828692699135,
      0.44983006326799174,
      0.43916217590925377,
      0.43540068817819655,
      0.43180509884510676,
      0.42594070346301405,
      0.42273135609561635,
      0.42096611118139005,
      0.42079081176527167,
      0.41788207981313324,
      0.4148410715808116,
      0.41459992342911606,
      0.41629571622848804,
      0.412582530141876,
      0.4109658661076683,
      0.4099844666750155,
      0.4109641367494967,
      0.40974017450321687
    ],
    "train_acc": [
      0.7766824497399674,
      0.8393619498563999,
      0.8405650857719476,
      0.8407203291158891,
      0.8408367616238454,
      0.8414965458355973,
      0.8419622758674222,
      0.8423891950632617,
      0.8431266009469844,
      0.8435923309788093,
      0.8437087634867655,
      0.8439804393386634,
      0.8445626018784445,
      0.8447566560583715,
      0.845377629434138,
      0.8457269269580067,
      0.8454552511061089,
      0.8455328727780796,
      0.8461926569898316,
      0.8460762244818754
    ],
    "val_acc": [
      0.8394908413536168,
      0.8393356100589879,
      0.8393356100589879,
      0.8394908413536168,
      0.8402669978267618,
      0.8404222291213909,
      0.8405774604160199,
      0.8427506985408258,
      0.8435268550139708,
      0.8433716237193418,
      0.8427506985408258,
      0.8435268550139708,
      0.8450791679602608,
      0.8449239366656318,
      0.8461657870226638,
      0.8457000931387768,
      0.8463210183172928,
      0.8460105557280347,
      0.8461657870226638,
      0.8463210183172928
    ]
  },
  "pos_weight": 2.218738317489624
}